Player,Pos
Alex Abrines,SG
Quincy Acy,PF
Quincy Acy,PF
Quincy Acy,PF
Steven Adams,C
Arron Afflalo,SG
Alexis Ajinca,C
Cole Aldrich,C
LaMarcus Aldridge,PF
Lavoy Allen,PF
Tony Allen,SG
Al-Farouq Aminu,SF
Chris Andersen,C
Alan Anderson,SF
Justin Anderson,SF
Kyle Anderson,SG
Ryan Anderson,PF
Giannis Antetokounmpo,SG
Carmelo Anthony,SF
Joel Anthony,C
Trevor Ariza,SF
Darrell Arthur,PF
Omer Asik,C
D.J. Augustin,PG
Luke Babbitt,SF
Ron Baker,SG
Wade Baldwin,PG
Leandro Barbosa,SG
J.J. Barea,PG
Harrison Barnes,PF
Matt Barnes,SF
Will Barton,SG
Brandon Bass,PF
Nicolas Batum,SG
Jerryd Bayless,PG
Aron Baynes,C
Kent Bazemore,SF
Bradley Beal,SG
Malik Beasley,SG
Michael Beasley,SF
Marco Belinelli,SG
DeAndre' Bembry,SF
Dragan Bender,PF
Anthony Bennett,PF
Davis Bertans,PF
Patrick Beverley,SG
Bismack Biyombo,C
Nemanja Bjelica,PF
Tarik Black,C
Eric Bledsoe,PG
Bojan Bogdanovic,SF
Andrew Bogut,C
Joel Bolomboy,PF
Devin Booker,SG
Trevor Booker,PF
Avery Bradley,SG
Corey Brewer,SF
Malcolm Brogdon,SG
Aaron Brooks,PG
Anthony Brown,SF
Anthony Brown,SF
Anthony Brown,SF
Bobby Brown,PG
Jaylen Brown,SF
Nicolas Brussino,SF
Reggie Bullock,SF
Trey Burke,PG
Alec Burks,SG
Jimmy Butler,SF
Bruno Caboclo,SF
Jose Calderon,PG
Kentavious Caldwell-Pope,SG
Isaiah Canaan,SG
Clint Capela,C
DeMarre Carroll,SF
Vince Carter,SG
Michael Carter-Williams,PG
Omri Casspi,SF
Willie Cauley-Stein,C
Tyson Chandler,C
Wilson Chandler,SF
Marquese Chriss,PF
Rakeem Christmas,PF
Semaj Christon,PG
Ian Clark,SG
Jordan Clarkson,SG
Darren Collison,PG
Nick Collison,PF
Mike Conley,PG
Pat Connaughton,SG
DeMarcus Cousins,C
Robert Covington,SF
Allen Crabbe,SG
Jamal Crawford,SG
Jae Crowder,SF
Dante Cunningham,SF
Seth Curry,PG
Stephen Curry,PG
Troy Daniels,SG
Anthony Davis,C
Deyonta Davis,C
Ed Davis,PF
Dewayne Dedmon,C
Sam Dekker,SF
Malcolm Delaney,PG
Matthew Dellavedova,PG
Luol Deng,SF
DeMar DeRozan,SG
Cheick Diallo,PF
Boris Diaw,PF
Gorgui Dieng,PF
Spencer Dinwiddie,PG
Toney Douglas,PG
Goran Dragic,PG
Andre Drummond,C
Jared Dudley,PF
Mike Dunleavy,SF
Mike Dunleavy,SF
Mike Dunleavy,SF
Kris Dunn,PG
Kevin Durant,SF
Henry Ellenson,PF
Wayne Ellington,SG
Monta Ellis,SG
Joel Embiid,C
James Ennis,SF
Tyler Ennis,PG
Tyreke Evans,SG
Dante Exum,PG
Kenneth Faried,PF
Jordan Farmar,PG
Derrick Favors,PF
Kay Felder,PG
Cristiano Felicio,C
Raymond Felton,PG
Yogi Ferrell,PG
Yogi Ferrell,PG
Yogi Ferrell,PG
Dorian Finney-Smith,PF
Bryn Forbes,SG
Evan Fournier,SG
Randy Foye,SG
Tim Frazier,PG
Channing Frye,C
Danilo Gallinari,SF
Langston Galloway,PG
Marc Gasol,C
Pau Gasol,C
Rudy Gay,SF
Michael Gbinije,SG
Alonzo Gee,SF
Paul George,SF
Jonathan Gibson,PG
Taj Gibson,PF
Manu Ginobili,SG
Rudy Gobert,C
Archie Goodwin,SG
Aaron Gordon,SF
Eric Gordon,SG
Marcin Gortat,C
Treveon Graham,SG
Jerami Grant,SF
Jerami Grant,SF
Jerami Grant,SF
Jerian Grant,PG
Danny Green,SG
Draymond Green,PF
Gerald Green,SG
JaMychal Green,PF
Jeff Green,SF
Blake Griffin,PF
Justin Hamilton,C
A.J. Hammons,C
Tim Hardaway,SG
James Harden,PG
Maurice Harkless,SF
Montrezl Harrell,PF
Devin Harris,PG
Gary Harris,SG
Joe Harris,SG
Tobias Harris,PF
Aaron Harrison,SG
Andrew Harrison,SG
Udonis Haslem,C
Spencer Hawes,PF
Gordon Hayward,SF
Gerald Henderson,SG
John Henson,C
Juan Hernangomez,PF
Willy Hernangomez,C
Mario Hezonja,SF
Roy Hibbert,C
Buddy Hield,SG
Nene Hilario,C
George Hill,PG
Jordan Hill,C
Solomon Hill,SF
Darrun Hilliard,SG
Jrue Holiday,PG
Justin Holiday,SG
Rondae Hollis-Jefferson,SF
Richaun Holmes,C
Rodney Hood,SG
Al Horford,C
Danuel House,SG
Dwight Howard,C
Marcelo Huertas,PG
Josh Huestis,PF
Kris Humphries,PF
R.J. Hunter,SG
Serge Ibaka,PF
Andre Iguodala,SF
Ersan Ilyasova,PF
Ersan Ilyasova,PF
Ersan Ilyasova,PF
Joe Ingles,SF
Brandon Ingram,SF
Kyrie Irving,PG
Demetrius Jackson,PG
Pierre Jackson,PG
Reggie Jackson,PG
LeBron James,SF
Al Jefferson,C
Richard Jefferson,SF
John Jenkins,SG
Brandon Jennings,PG
Jonas Jerebko,PF
Amir Johnson,PF
James Johnson,PF
Joe Johnson,SF
Stanley Johnson,SF
Tyler Johnson,PG
Wesley Johnson,SF
Nikola Jokic,C
Damian Jones,C
Derrick Jones,SF
James Jones,SF
Terrence Jones,PF
Tyus Jones,PG
DeAndre Jordan,C
Cory Joseph,SG
Frank Kaminsky,C
Enes Kanter,C
Ryan Kelly,PF
Michael Kidd-Gilchrist,SF
Sean Kilpatrick,SG
Brandon Knight,SG
Kyle Korver,SG
Kyle Korver,SG
Kyle Korver,SG
Kosta Koufos,C
Mindaugas Kuzminskas,SF
Skal Labissiere,PF
Jeremy Lamb,SG
Nicolas Laprovittola,PG
Joffrey Lauvergne,C
Zach LaVine,SG
Ty Lawson,PG
Jake Layman,SF
Courtney Lee,SG
David Lee,PF
Alex Len,C
Kawhi Leonard,SF
Meyers Leonard,PF
Jon Leuer,PF
Caris LeVert,SF
DeAndre Liggins,SG
Damian Lillard,PG
Jeremy Lin,PG
Shaun Livingston,PG
Kevon Looney,C
Brook Lopez,C
Robin Lopez,C
Kevin Love,PF
Kyle Lowry,PG
John Lucas III,PG
Timothe Luwawu-Cabarrot,SF
Trey Lyles,PF
Shelvin Mack,PG
Ian Mahinmi,C
Thon Maker,PF
Boban Marjanovic,C
Jarell Martin,PF
Wesley Matthews,SG
Luc Mbah a Moute,PF
James Michael McAdoo,PF
Patrick McCaw,SG
Sheldon McClellan,SG
C.J. McCollum,SG
T.J. McConnell,PG
Chris McCullough,PF
K.J. McDaniels,SF
Doug McDermott,SF
JaVale McGee,C
Rodney McGruder,SG
Ben McLemore,SG
Jordan McRae,SG
Josh McRoberts,PF
Jodie Meeks,SG
Salah Mejri,C
Jordan Mickey,PF
Khris Middleton,SG
C.J. Miles,SF
Mike Miller,SF
Patty Mills,PG
Paul Millsap,PF
Nikola Mirotic,PF
Greg Monroe,C
E'Twaun Moore,SG
Marcus Morris,SF
Markieff Morris,PF
Anthony Morrow,SG
Donatas Motiejunas,PF
Timofey Mozgov,C
Emmanuel Mudiay,PG
Shabazz Muhammad,SF
Dejounte Murray,PG
Jamal Murray,SG
Mike Muscala,C
Larry Nance Jr.,PF
Shabazz Napier,PG
Maurice Ndour,PF
Gary Neal,SG
Jameer Nelson,PG
Raul Neto,PG
Georges Niang,PF
Andrew Nicholson,PF
Joakim Noah,C
Nerlens Noel,C
Lucas Nogueira,C
Steve Novak,PF
Dirk Nowitzki,PF
Jusuf Nurkic,C
Johnny O'Bryant,PF
Kyle O'Quinn,PF
Daniel Ochefu,C
Jahlil Okafor,C
Victor Oladipo,SG
Kelly Olynyk,C
Arinze Onuaku,C
Chinanu Onuaku,C
Kelly Oubre,SF
Zaza Pachulia,C
Georgios Papagiannis,C
Jabari Parker,PF
Tony Parker,PG
Chandler Parsons,SF
Lamar Patterson,SG
Patrick Patterson,PF
Chris Paul,PG
Adreian Payne,PF
Cameron Payne,PG
Elfrid Payton,PG
Paul Pierce,SF
Marshall Plumlee,C
Mason Plumlee,C
Miles Plumlee,C
Miles Plumlee,C
Miles Plumlee,C
Jakob Poeltl,C
Otto Porter,SF
Bobby Portis,PF
Kristaps Porzingis,PF
Dwight Powell,C
Norman Powell,SG
Ronnie Price,PG
Tim Quarterman,SG
Chasson Randle,PG
Julius Randle,PF
Zach Randolph,PF
J.J. Redick,SG
Willie Reed,C
Josh Richardson,SG
Malachi Richardson,SG
Austin Rivers,SG
Andre Roberson,SF
Brian Roberts,PG
Glenn Robinson,SF
Thomas Robinson,PF
Sergio Rodriguez,PG
Rajon Rondo,PG
Derrick Rose,PG
Terrence Ross,SF
Terry Rozier,PG
Ricky Rubio,PG
Damjan Rudez,SF
Brandon Rush,SG
D'Angelo Russell,PG
Domantas Sabonis,PF
Dario Saric,PF
Tomas Satoransky,SG
Dennis Schroder,PG
Luis Scola,PF
Mike Scott,PF
Thabo Sefolosha,SF
Kevin Seraphin,PF
Ramon Sessions,PG
Iman Shumpert,SG
Pascal Siakam,PF
Jonathon Simmons,SG
Kyle Singler,SF
Marcus Smart,PG
Ish Smith,PG
J.R. Smith,SG
Jason Smith,C
Tony Snell,SF
Marreese Speights,C
Nik Stauskas,SG
Lance Stephenson,SG
Lance Stephenson,SG
Lance Stephenson,SG
Jarnell Stokes,PF
Diamond Stone,C
Rodney Stuckey,PG
Jared Sullinger,PF
Walter Tavares,C
Jeff Teague,PG
Mirza Teletovic,PF
Garrett Temple,SG
Jason Terry,SG
Isaiah Thomas,PG
Lance Thomas,PF
Hollis Thompson,SG
Klay Thompson,SG
Tristan Thompson,C
Marcus Thornton,SG
Anthony Tolliver,PF
Karl-Anthony Towns,C
P.J. Tucker,SF
Evan Turner,SG
Myles Turner,C
Beno Udrih,PG
Tyler Ulis,PG
Jonas Valanciunas,C
Denzel Valentine,SG
Fred VanVleet,PG
Anderson Varejao,C
Greivis Vasquez,PG
Rashad Vaughn,SG
Noah Vonleh,PF
Nikola Vucevic,C
Sasha Vujacic,SG
Dwyane Wade,SG
Dion Waiters,SG
Kemba Walker,PG
John Wall,PG
Taurean Waller-Prince,SF
T.J. Warren,SF
C.J. Watson,PG
Briante Weber,PG
David West,PF
Russell Westbrook,PG
Okaro White,PF
Isaiah Whitehead,PG
Hassan Whiteside,C
Andrew Wiggins,SF
C.J. Wilcox,SG
Alan Williams,PF
Deron Williams,PG
Derrick Williams,PF
Derrick Williams,PF
Derrick Williams,PF
Lou Williams,SG
Marvin Williams,PF
Reggie Williams,SF
Troy Williams,SF
Kyle Wiltjer,PF
Justise Winslow,SF
Jeff Withey,C
Christian Wood,PF
Metta World Peace,SF
Brandan Wright,PF
James Young,SG
Joe Young,PG
Nick Young,SG
Thaddeus Young,PF
Cody Zeller,PF
Tyler Zeller,C
Stephen Zimmerman,C
Paul Zipser,SF
Ivica Zubac,C