,Players,last_letter,player_id,url
0,Alex Abrines,a,abrinal01,http://www.basketball-reference.com/players/a/abrinal01.html
1,Quincy Acy,a,acyqu01,http://www.basketball-reference.com/players/a/acyqu01.html
2,Steven Adams,a,adamsst01,http://www.basketball-reference.com/players/a/adamsst01.html
3,Arron Afflalo,a,afflaar01,http://www.basketball-reference.com/players/a/afflaar01.html
4,Alexis Ajinca,a,ajincal01,http://www.basketball-reference.com/players/a/ajincal01.html
5,Cole Aldrich,a,aldrico01,http://www.basketball-reference.com/players/a/aldrico01.html
6,LaMarcus Aldridge,a,aldrila01,http://www.basketball-reference.com/players/a/aldrila01.html
7,Lavoy Allen,a,allenla01,http://www.basketball-reference.com/players/a/allenla01.html
8,Tony Allen,a,allento01,http://www.basketball-reference.com/players/a/allento01.html
9,Al-Farouq Aminu,a,aminual01,http://www.basketball-reference.com/players/a/aminual01.html
10,Chris Andersen,a,anderch01,http://www.basketball-reference.com/players/a/anderch01.html
11,Alan Anderson,a,anderal01,http://www.basketball-reference.com/players/a/anderal01.html
12,Justin Anderson,a,anderju01,http://www.basketball-reference.com/players/a/anderju01.html
13,Kyle Anderson,a,anderky01,http://www.basketball-reference.com/players/a/anderky01.html
14,Ryan Anderson,a,anderry01,http://www.basketball-reference.com/players/a/anderry01.html
15,Giannis Antetokounmpo,a,antetgi01,http://www.basketball-reference.com/players/a/antetgi01.html
16,Carmelo Anthony,a,anthoca01,http://www.basketball-reference.com/players/a/anthoca01.html
17,Joel Anthony,a,anthojo01,http://www.basketball-reference.com/players/a/anthojo01.html
18,Trevor Ariza,a,arizatr01,http://www.basketball-reference.com/players/a/arizatr01.html
19,Darrell Arthur,a,arthuda01,http://www.basketball-reference.com/players/a/arthuda01.html
20,Omer Asik,a,asikom01,http://www.basketball-reference.com/players/a/asikom01.html
21,D.J. Augustin,a,augusdj01,http://www.basketball-reference.com/players/a/augusdj01.html
22,Luke Babbitt,b,babbilu01,http://www.basketball-reference.com/players/b/babbilu01.html
23,Ron Baker,b,bakerro01,http://www.basketball-reference.com/players/b/bakerro01.html
24,Wade Baldwin,b,baldwwa01,http://www.basketball-reference.com/players/b/baldwwa01.html
25,Leandro Barbosa,b,barbole01,http://www.basketball-reference.com/players/b/barbole01.html
26,J.J. Barea,b,bareajj01,http://www.basketball-reference.com/players/b/bareajo01.html
27,Harrison Barnes,b,barneha01,http://www.basketball-reference.com/players/b/barneha02.html
28,Matt Barnes,b,barnema01,http://www.basketball-reference.com/players/b/barnema02.html
29,Will Barton,b,bartowi01,http://www.basketball-reference.com/players/b/bartowi01.html
30,Brandon Bass,b,bassbr01,http://www.basketball-reference.com/players/b/bassbr01.html
31,Nicolas Batum,b,batumni01,http://www.basketball-reference.com/players/b/batumni01.html
32,Jerryd Bayless,b,bayleje01,http://www.basketball-reference.com/players/b/bayleje01.html
33,Aron Baynes,b,baynear01,http://www.basketball-reference.com/players/b/baynear01.html
34,Kent Bazemore,b,bazemke01,http://www.basketball-reference.com/players/b/bazemke01.html
35,Bradley Beal,b,bealbr01,http://www.basketball-reference.com/players/b/bealbr01.html
36,Malik Beasley,b,beaslma01,http://www.basketball-reference.com/players/b/beaslma01.html
37,Michael Beasley,b,beaslmi01,http://www.basketball-reference.com/players/b/beaslmi01.html
38,Marco Belinelli,b,belinma01,http://www.basketball-reference.com/players/b/belinma01.html
39,DeAndre' Bembry,b,bembrde01,http://www.basketball-reference.com/players/b/bembrde01.html
40,Dragan Bender,b,bendedr01,http://www.basketball-reference.com/players/b/bendedr01.html
41,Anthony Bennett,b,bennean01,http://www.basketball-reference.com/players/b/bennean01.html
42,Davis Bertans,b,bertada01,http://www.basketball-reference.com/players/b/bertada01.html
43,Patrick Beverley,b,beverpa01,http://www.basketball-reference.com/players/b/beverpa01.html
44,Bismack Biyombo,b,biyombi01,http://www.basketball-reference.com/players/b/biyombi01.html
45,Nemanja Bjelica,b,bjeline01,http://www.basketball-reference.com/players/b/bjeline01.html
46,Tarik Black,b,blackta01,http://www.basketball-reference.com/players/b/blackta01.html
47,Eric Bledsoe,b,bledser01,http://www.basketball-reference.com/players/b/bledser01.html
48,Bojan Bogdanovic,b,bogdabo01,http://www.basketball-reference.com/players/b/bogdabo02.html
49,Andrew Bogut,b,bogutan01,http://www.basketball-reference.com/players/b/bogutan01.html
50,Joel Bolomboy,b,bolomjo01,http://www.basketball-reference.com/players/b/bolomjo01.html
51,Devin Booker,b,bookede01,http://www.basketball-reference.com/players/b/bookede01.html
52,Trevor Booker,b,booketr01,http://www.basketball-reference.com/players/b/booketr01.html
53,Avery Bradley,b,bradlav01,http://www.basketball-reference.com/players/b/bradlav01.html
54,Corey Brewer,b,breweco01,http://www.basketball-reference.com/players/b/breweco01.html
55,Malcolm Brogdon,b,brogdma01,http://www.basketball-reference.com/players/b/brogdma01.html
56,Aaron Brooks,b,brookaa01,http://www.basketball-reference.com/players/b/brookaa01.html
57,Anthony Brown,b,brownan01,http://www.basketball-reference.com/players/b/brownan02.html
58,Bobby Brown,b,brownbo01,http://www.basketball-reference.com/players/b/brownbo02.html
59,Jaylen Brown,b,brownja01,http://www.basketball-reference.com/players/b/brownja02.html
60,Nicolas Brussino,b,brussni01,http://www.basketball-reference.com/players/b/brussni01.html
61,Reggie Bullock,b,bullore01,http://www.basketball-reference.com/players/b/bullore01.html
62,Trey Burke,b,burketr01,http://www.basketball-reference.com/players/b/burketr01.html
63,Alec Burks,b,burksal01,http://www.basketball-reference.com/players/b/burksal01.html
64,Jimmy Butler,b,butleji01,http://www.basketball-reference.com/players/b/butleji01.html
65,Bruno Caboclo,c,cabocbr01,http://www.basketball-reference.com/players/c/cabocbr01.html
66,Jose Calderon,c,caldejo01,http://www.basketball-reference.com/players/c/caldejo01.html
67,Kentavious Caldwell-Pope,c,caldwke01,http://www.basketball-reference.com/players/c/caldwke01.html
68,Isaiah Canaan,c,canaais01,http://www.basketball-reference.com/players/c/canaais01.html
69,Clint Capela,c,capelcl01,http://www.basketball-reference.com/players/c/capelca01.html
70,DeMarre Carroll,c,carrode01,http://www.basketball-reference.com/players/c/carrode01.html
71,Vince Carter,c,cartevi01,http://www.basketball-reference.com/players/c/cartevi01.html
72,Michael Carter-Williams,c,cartemi01,http://www.basketball-reference.com/players/c/cartemi01.html
73,Omri Casspi,c,casspom01,http://www.basketball-reference.com/players/c/casspom01.html
74,Willie Cauley-Stein,c,caulewi01,http://www.basketball-reference.com/players/c/caulewi01.html
75,Tyson Chandler,c,chandty01,http://www.basketball-reference.com/players/c/chandty01.html
76,Wilson Chandler,c,chandwi01,http://www.basketball-reference.com/players/c/chandwi01.html
77,Marquese Chriss,c,chrisma01,http://www.basketball-reference.com/players/c/chrisma01.html
78,Rakeem Christmas,c,chrisra01,http://www.basketball-reference.com/players/c/chrisra01.html
79,Semaj Christon,c,chrisse01,http://www.basketball-reference.com/players/c/chrisse01.html
80,Ian Clark,c,clarkia01,http://www.basketball-reference.com/players/c/clarkia01.html
81,Jordan Clarkson,c,clarkjo01,http://www.basketball-reference.com/players/c/clarkjo01.html
82,Darren Collison,c,collida01,http://www.basketball-reference.com/players/c/collida01.html
83,Nick Collison,c,collini01,http://www.basketball-reference.com/players/c/collini01.html
84,Mike Conley,c,conlemi01,http://www.basketball-reference.com/players/c/conlemi01.html
85,Pat Connaughton,c,connapa01,http://www.basketball-reference.com/players/c/connapa01.html
86,DeMarcus Cousins,c,couside01,http://www.basketball-reference.com/players/c/couside01.html
87,Robert Covington,c,covinro01,http://www.basketball-reference.com/players/c/covinro01.html
88,Allen Crabbe,c,crabbal01,http://www.basketball-reference.com/players/c/crabbal01.html
89,Jamal Crawford,c,crawfja01,http://www.basketball-reference.com/players/c/crawfja01.html
90,Jae Crowder,c,crowdja01,http://www.basketball-reference.com/players/c/crowdja01.html
91,Dante Cunningham,c,cunnida01,http://www.basketball-reference.com/players/c/cunnida01.html
92,Seth Curry,c,curryse01,http://www.basketball-reference.com/players/c/curryse01.html
93,Stephen Curry,c,curryst01,http://www.basketball-reference.com/players/c/curryst01.html
94,Troy Daniels,d,danietr01,http://www.basketball-reference.com/players/d/danietr01.html
95,Anthony Davis,d,davisan01,http://www.basketball-reference.com/players/d/davisan02.html
96,Deyonta Davis,d,davisde01,http://www.basketball-reference.com/players/d/davisde01.html
97,Ed Davis,d,davised01,http://www.basketball-reference.com/players/d/davised01.html
98,Dewayne Dedmon,d,dedmode01,http://www.basketball-reference.com/players/d/dedmode01.html
99,Sam Dekker,d,dekkesa01,http://www.basketball-reference.com/players/d/dekkesa01.html
100,Malcolm Delaney,d,delanma01,http://www.basketball-reference.com/players/d/delanma01.html
101,Matthew Dellavedova,d,dellama01,http://www.basketball-reference.com/players/d/dellama01.html
102,Luol Deng,d,denglu01,http://www.basketball-reference.com/players/d/denglu01.html
103,DeMar DeRozan,d,derozde01,http://www.basketball-reference.com/players/d/derozde01.html
104,Cheick Diallo,d,diallch01,http://www.basketball-reference.com/players/d/diallch01.html
105,Boris Diaw,d,diawbo01,http://www.basketball-reference.com/players/d/diawbo01.html
106,Gorgui Dieng,d,dienggo01,http://www.basketball-reference.com/players/d/dienggo01.html
107,Spencer Dinwiddie,d,dinwisp01,http://www.basketball-reference.com/players/d/dinwisp01.html
108,Toney Douglas,d,douglto01,http://www.basketball-reference.com/players/d/douglto01.html
109,Goran Dragic,d,dragigo01,http://www.basketball-reference.com/players/d/dragigo01.html
110,Andre Drummond,d,drumman01,http://www.basketball-reference.com/players/d/drumman01.html
111,Jared Dudley,d,dudleja01,http://www.basketball-reference.com/players/d/dudleja01.html
112,Mike Dunleavy,d,dunlemi01,http://www.basketball-reference.com/players/d/dunlemi01.html
113,Kris Dunn,d,dunnkr01,http://www.basketball-reference.com/players/d/dunnkr01.html
114,Kevin Durant,d,duranke01,http://www.basketball-reference.com/players/d/duranke01.html
115,Henry Ellenson,e,ellenhe01,http://www.basketball-reference.com/players/e/ellenhe01.html
116,Wayne Ellington,e,ellinwa01,http://www.basketball-reference.com/players/e/ellinwa01.html
117,Monta Ellis,e,ellismo01,http://www.basketball-reference.com/players/e/ellismo01.html
118,Joel Embiid,e,embiijo01,http://www.basketball-reference.com/players/e/embiijo01.html
119,James Ennis,e,ennisja01,http://www.basketball-reference.com/players/e/ennisja01.html
120,Tyler Ennis,e,ennisty01,http://www.basketball-reference.com/players/e/ennisty01.html
121,Tyreke Evans,e,evansty01,http://www.basketball-reference.com/players/e/evansty01.html
122,Dante Exum,e,exumda01,http://www.basketball-reference.com/players/e/exumda01.html
123,Kenneth Faried,f,farieke01,http://www.basketball-reference.com/players/f/farieke01.html
124,Jordan Farmar,f,farmajo01,http://www.basketball-reference.com/players/f/farmajo01.html
125,Derrick Favors,f,favorde01,http://www.basketball-reference.com/players/f/favorde01.html
126,Kay Felder,f,feldeka01,http://www.basketball-reference.com/players/f/feldeka01.html
127,Cristiano Felicio,f,feliccr01,http://www.basketball-reference.com/players/f/feliccr01.html
128,Raymond Felton,f,feltora01,http://www.basketball-reference.com/players/f/feltora01.html
129,Yogi Ferrell,f,ferreyo01,http://www.basketball-reference.com/players/f/ferreyo01.html
130,Dorian Finney-Smith,f,finnedo01,http://www.basketball-reference.com/players/f/finnedo01.html
131,Bryn Forbes,f,forbebr01,http://www.basketball-reference.com/players/f/forbebr01.html
132,Evan Fournier,f,fournev01,http://www.basketball-reference.com/players/f/fournev01.html
133,Randy Foye,f,foyera01,http://www.basketball-reference.com/players/f/foyera01.html
134,Tim Frazier,f,fraziti01,http://www.basketball-reference.com/players/f/fraziti01.html
135,Channing Frye,f,fryech01,http://www.basketball-reference.com/players/f/fryech01.html
136,Danilo Gallinari,g,gallida01,http://www.basketball-reference.com/players/g/gallida01.html
137,Langston Galloway,g,gallola01,http://www.basketball-reference.com/players/g/gallola01.html
138,Marc Gasol,g,gasolma01,http://www.basketball-reference.com/players/g/gasolma01.html
139,Pau Gasol,g,gasolpa01,http://www.basketball-reference.com/players/g/gasolpa01.html
140,Rudy Gay,g,gayru01,http://www.basketball-reference.com/players/g/gayru01.html
141,Michael Gbinije,g,gbinimi01,http://www.basketball-reference.com/players/g/gbinimi01.html
142,Alonzo Gee,g,geeal01,http://www.basketball-reference.com/players/g/geeal01.html
143,Paul George,g,georgpa01,http://www.basketball-reference.com/players/g/georgpa01.html
144,Jonathan Gibson,g,gibsojo01,http://www.basketball-reference.com/players/g/gibsojo01.html
145,Taj Gibson,g,gibsota01,http://www.basketball-reference.com/players/g/gibsota01.html
146,Manu Ginobili,g,ginobma01,http://www.basketball-reference.com/players/g/ginobma01.html
147,Rudy Gobert,g,goberru01,http://www.basketball-reference.com/players/g/goberru01.html
148,Archie Goodwin,g,goodwar01,http://www.basketball-reference.com/players/g/goodwar01.html
149,Aaron Gordon,g,gordoaa01,http://www.basketball-reference.com/players/g/gordoaa01.html
150,Eric Gordon,g,gordoer01,http://www.basketball-reference.com/players/g/gordoer01.html
151,Marcin Gortat,g,gortama01,http://www.basketball-reference.com/players/g/gortama01.html
152,Treveon Graham,g,grahatr01,http://www.basketball-reference.com/players/g/grahatr01.html
153,Jerami Grant,g,grantje01,http://www.basketball-reference.com/players/g/grantje01.html
154,Jerian Grant,g,grantje01,http://www.basketball-reference.com/players/g/grantje02.html
155,Danny Green,g,greenda01,http://www.basketball-reference.com/players/g/greenda02.html
156,Draymond Green,g,greendr01,http://www.basketball-reference.com/players/g/greendr01.html
157,Gerald Green,g,greenge01,http://www.basketball-reference.com/players/g/greenge01.html
158,JaMychal Green,g,greenja01,http://www.basketball-reference.com/players/g/greenja01.html
159,Jeff Green,g,greenje01,http://www.basketball-reference.com/players/g/greenje02.html
160,Blake Griffin,g,griffbl01,http://www.basketball-reference.com/players/g/griffbl01.html
161,Justin Hamilton,h,hamilju01,http://www.basketball-reference.com/players/h/hamilju01.html
162,A.J. Hammons,h,hammoaj01,http://www.basketball-reference.com/players/h/hammoaj01.html
163,Tim Hardaway,h,hardati01,http://www.basketball-reference.com/players/h/hardati02.html
164,James Harden,h,hardeja01,http://www.basketball-reference.com/players/h/hardeja01.html
165,Maurice Harkless,h,harklma01,http://www.basketball-reference.com/players/h/harklma01.html
166,Montrezl Harrell,h,harremo01,http://www.basketball-reference.com/players/h/harremo01.html
167,Devin Harris,h,harride01,http://www.basketball-reference.com/players/h/harride01.html
168,Gary Harris,h,harriga01,http://www.basketball-reference.com/players/h/harriga01.html
169,Joe Harris,h,harrijo01,http://www.basketball-reference.com/players/h/harrijo01.html
170,Tobias Harris,h,harrito01,http://www.basketball-reference.com/players/h/harrito02.html
171,Aaron Harrison,h,harriaa01,http://www.basketball-reference.com/players/h/harriaa01.html
172,Andrew Harrison,h,harrian01,http://www.basketball-reference.com/players/h/harrian01.html
173,Udonis Haslem,h,hasleud01,http://www.basketball-reference.com/players/h/hasleud01.html
174,Spencer Hawes,h,hawessp01,http://www.basketball-reference.com/players/h/hawessp01.html
175,Gordon Hayward,h,haywago01,http://www.basketball-reference.com/players/h/haywago01.html
176,Gerald Henderson,h,hendege01,http://www.basketball-reference.com/players/h/hendege02.html
177,John Henson,h,hensojo01,http://www.basketball-reference.com/players/h/hensojo01.html
178,Juan Hernangomez,h,hernaju01,http://www.basketball-reference.com/players/h/hernaju01.html
179,Willy Hernangomez,h,hernawi01,http://www.basketball-reference.com/players/h/hernawi01.html
180,Mario Hezonja,h,hezonma01,http://www.basketball-reference.com/players/h/hezonma01.html
181,Roy Hibbert,h,hibbero01,http://www.basketball-reference.com/players/h/hibbero01.html
182,Buddy Hield,h,hieldbu01,http://www.basketball-reference.com/players/h/hieldbu01.html
183,Nene Hilario,h,hilarne01,http://www.basketball-reference.com/players/h/hilarne01.html
184,George Hill,h,hillge01,http://www.basketball-reference.com/players/h/hillge01.html
185,Jordan Hill,h,hilljo01,http://www.basketball-reference.com/players/h/hilljo01.html
186,Solomon Hill,h,hillso01,http://www.basketball-reference.com/players/h/hillso01.html
187,Darrun Hilliard,h,hillida01,http://www.basketball-reference.com/players/h/hillida01.html
188,Jrue Holiday,h,holidjr01,http://www.basketball-reference.com/players/h/holidjr01.html
189,Justin Holiday,h,holidju01,http://www.basketball-reference.com/players/h/holidju01.html
190,Rondae Hollis-Jefferson,h,holliro01,http://www.basketball-reference.com/players/h/holliro01.html
191,Richaun Holmes,h,holmeri01,http://www.basketball-reference.com/players/h/holmeri01.html
192,Rodney Hood,h,hoodro01,http://www.basketball-reference.com/players/h/hoodro01.html
193,Al Horford,h,horfoal01,http://www.basketball-reference.com/players/h/horfoal01.html
194,Danuel House,h,houseda01,http://www.basketball-reference.com/players/h/houseda01.html
195,Dwight Howard,h,howardw01,http://www.basketball-reference.com/players/h/howardw01.html
196,Marcelo Huertas,h,huertma01,http://www.basketball-reference.com/players/h/huertma01.html
197,Kris Humphries,h,humphkr01,http://www.basketball-reference.com/players/h/humphkr01.html
198,R.J. Hunter,h,hunterj01,http://www.basketball-reference.com/players/h/hunterj01.html
199,Serge Ibaka,i,ibakase01,http://www.basketball-reference.com/players/i/ibakase01.html
200,Andre Iguodala,i,iguodan01,http://www.basketball-reference.com/players/i/iguodan01.html
201,Ersan Ilyasova,i,ilyaser01,http://www.basketball-reference.com/players/i/ilyaser01.html
202,Joe Ingles,i,inglejo01,http://www.basketball-reference.com/players/i/inglejo01.html
203,Brandon Ingram,i,ingrabr01,http://www.basketball-reference.com/players/i/ingrabr01.html
204,Kyrie Irving,i,irvinky01,http://www.basketball-reference.com/players/i/irvinky01.html
205,Demetrius Jackson,j,jacksde01,http://www.basketball-reference.com/players/j/jacksde01.html
206,Pierre Jackson,j,jackspi01,http://www.basketball-reference.com/players/j/jackspi01.html
207,Reggie Jackson,j,jacksre01,http://www.basketball-reference.com/players/j/jacksre01.html
208,LeBron James,j,jamesle01,http://www.basketball-reference.com/players/j/jamesle01.html
209,Al Jefferson,j,jeffeal01,http://www.basketball-reference.com/players/j/jeffeal01.html
210,Richard Jefferson,j,jefferi01,http://www.basketball-reference.com/players/j/jefferi01.html
211,John Jenkins,j,jenkijo01,http://www.basketball-reference.com/players/j/jenkijo01.html
212,Brandon Jennings,j,jennibr01,http://www.basketball-reference.com/players/j/jennibr01.html
213,Jonas Jerebko,j,jerebjo01,http://www.basketball-reference.com/players/j/jerebjo01.html
214,Amir Johnson,j,johnsam01,http://www.basketball-reference.com/players/j/johnsam01.html
215,James Johnson,j,johnsja01,http://www.basketball-reference.com/players/j/johnsja01.html
216,Joe Johnson,j,johnsjo01,http://www.basketball-reference.com/players/j/johnsjo02.html
217,Stanley Johnson,j,johnsst01,http://www.basketball-reference.com/players/j/johnsst04.html
218,Tyler Johnson,j,johnsty01,http://www.basketball-reference.com/players/j/johnsty01.html
219,Wesley Johnson,j,johnswe01,http://www.basketball-reference.com/players/j/johnswe01.html
220,Nikola Jokic,j,jokicni01,http://www.basketball-reference.com/players/j/jokicni01.html
221,Damian Jones,j,jonesda01,http://www.basketball-reference.com/players/j/jonesda03.html
222,Derrick Jones,j,jonesde01,http://www.basketball-reference.com/players/j/jonesde01.html
223,James Jones,j,jonesja01,http://www.basketball-reference.com/players/j/jonesja02.html
224,Terrence Jones,j,joneste01,http://www.basketball-reference.com/players/j/joneste01.html
225,Tyus Jones,j,jonesty01,http://www.basketball-reference.com/players/j/jonesty01.html
226,DeAndre Jordan,j,jordade01,http://www.basketball-reference.com/players/j/jordade01.html
227,Cory Joseph,j,josepco01,http://www.basketball-reference.com/players/j/josepco01.html
228,Frank Kaminsky,k,kaminfr01,http://www.basketball-reference.com/players/k/kaminfr01.html
229,Enes Kanter,k,kanteen01,http://www.basketball-reference.com/players/k/kanteen01.html
230,Ryan Kelly,k,kellyry01,http://www.basketball-reference.com/players/k/kellyry01.html
231,Michael Kidd-Gilchrist,k,kiddgmi01,http://www.basketball-reference.com/players/k/kiddgmi01.html
232,Sean Kilpatrick,k,kilpase01,http://www.basketball-reference.com/players/k/kilpase01.html
233,Brandon Knight,k,knighbr01,http://www.basketball-reference.com/players/k/knighbr03.html
234,Kyle Korver,k,korveky01,http://www.basketball-reference.com/players/k/korveky01.html
235,Kosta Koufos,k,koufoko01,http://www.basketball-reference.com/players/k/koufoko01.html
236,Mindaugas Kuzminskas,k,kuzmimi01,http://www.basketball-reference.com/players/k/kuzmimi01.html
237,Skal Labissiere,l,labissk01,http://www.basketball-reference.com/players/l/labissk01.html
238,Jeremy Lamb,l,lambje01,http://www.basketball-reference.com/players/l/lambje01.html
239,Nicolas Laprovittola,l,laproni01,http://www.basketball-reference.com/players/l/laproni01.html
240,Joffrey Lauvergne,l,lauvejo01,http://www.basketball-reference.com/players/l/lauvejo01.html
241,Zach LaVine,l,lavinza01,http://www.basketball-reference.com/players/l/lavinza01.html
242,Ty Lawson,l,lawsoty01,http://www.basketball-reference.com/players/l/lawsoty01.html
243,Jake Layman,l,laymaja01,http://www.basketball-reference.com/players/l/laymaja01.html
244,Courtney Lee,l,leeco01,http://www.basketball-reference.com/players/l/leeco01.html
245,David Lee,l,leeda01,http://www.basketball-reference.com/players/l/leeda02.html
246,Alex Len,l,lenal01,http://www.basketball-reference.com/players/l/lenal01.html
247,Kawhi Leonard,l,leonaka01,http://www.basketball-reference.com/players/l/leonaka01.html
248,Meyers Leonard,l,leoname01,http://www.basketball-reference.com/players/l/leoname01.html
249,Jon Leuer,l,leuerjo01,http://www.basketball-reference.com/players/l/leuerjo01.html
250,Caris LeVert,l,leverca01,http://www.basketball-reference.com/players/l/leverca01.html
251,DeAndre Liggins,l,liggide01,http://www.basketball-reference.com/players/l/liggide01.html
252,Damian Lillard,l,lillada01,http://www.basketball-reference.com/players/l/lillada01.html
253,Jeremy Lin,l,linje01,http://www.basketball-reference.com/players/l/linje01.html
254,Shaun Livingston,l,livinsh01,http://www.basketball-reference.com/players/l/livinsh01.html
255,Kevon Looney,l,looneke01,http://www.basketball-reference.com/players/l/looneke01.html
256,Brook Lopez,l,lopezbr01,http://www.basketball-reference.com/players/l/lopezbr01.html
257,Robin Lopez,l,lopezro01,http://www.basketball-reference.com/players/l/lopezro01.html
258,Kevin Love,l,loveke01,http://www.basketball-reference.com/players/l/loveke01.html
259,Kyle Lowry,l,lowryky01,http://www.basketball-reference.com/players/l/lowryky01.html
260,John Lucas III,l,lucasjo01,http://www.basketball-reference.com/players/l/lucasjo02.html
261,Timothe Luwawu-Cabarrot,l,luwawti01,http://www.basketball-reference.com/players/l/luwawti01.html
262,Trey Lyles,l,lylestr01,http://www.basketball-reference.com/players/l/lylestr01.html
263,Shelvin Mack,m,macksh01,http://www.basketball-reference.com/players/m/macksh01.html
264,Ian Mahinmi,m,mahinia01,http://www.basketball-reference.com/players/m/mahinia01.html
265,Thon Maker,m,makerth01,http://www.basketball-reference.com/players/m/makerth01.html
266,Boban Marjanovic,m,marjabo01,http://www.basketball-reference.com/players/m/marjabo01.html
267,Jarell Martin,m,martija01,http://www.basketball-reference.com/players/m/martija01.html
268,Wesley Matthews,m,matthwe01,http://www.basketball-reference.com/players/m/matthwe02.html
269,Luc Mbah a Moute,m,mbahlu01,http://www.basketball-reference.com/players/m/mbahalu01.html
270,James Michael McAdoo,m,michaja01,http://www.basketball-reference.com/players/m/mcadoja01.html
271,Patrick McCaw,m,mccawpa01,http://www.basketball-reference.com/players/m/mccawpa01.html
272,Sheldon McClellan,m,mcclesh01,http://www.basketball-reference.com/players/m/mcclesh01.html
273,C.J. McCollum,m,mccolcj01,http://www.basketball-reference.com/players/m/mccolcj01.html
274,T.J. McConnell,m,mccontj01,http://www.basketball-reference.com/players/m/mccontj01.html
275,Chris McCullough,m,mcculch01,http://www.basketball-reference.com/players/m/mcculch01.html
276,K.J. McDaniels,m,mcdankj01,http://www.basketball-reference.com/players/m/mcdankj01.html
277,Doug McDermott,m,mcderdo01,http://www.basketball-reference.com/players/m/mcderdo01.html
278,JaVale McGee,m,mcgeeja01,http://www.basketball-reference.com/players/m/mcgeeja01.html
279,Rodney McGruder,m,mcgruro01,http://www.basketball-reference.com/players/m/mcgruro01.html
280,Ben McLemore,m,mclembe01,http://www.basketball-reference.com/players/m/mclembe01.html
281,Jordan McRae,m,mcraejo01,http://www.basketball-reference.com/players/m/mcraejo01.html
282,Josh McRoberts,m,mcrobjo01,http://www.basketball-reference.com/players/m/mcrobjo01.html
283,Jodie Meeks,m,meeksjo01,http://www.basketball-reference.com/players/m/meeksjo01.html
284,Salah Mejri,m,mejrisa01,http://www.basketball-reference.com/players/m/mejrisa01.html
285,Jordan Mickey,m,mickejo01,http://www.basketball-reference.com/players/m/mickejo01.html
286,C.J. Miles,m,milescj01,http://www.basketball-reference.com/players/m/milescj01.html
287,Mike Miller,m,millemi01,http://www.basketball-reference.com/players/m/millemi01.html
288,Patty Mills,m,millspa01,http://www.basketball-reference.com/players/m/millspa02.html
289,Paul Millsap,m,millspa01,http://www.basketball-reference.com/players/m/millspa01.html
290,Nikola Mirotic,m,mirotni01,http://www.basketball-reference.com/players/m/mirotni01.html
291,Greg Monroe,m,monrogr01,http://www.basketball-reference.com/players/m/monrogr01.html
292,E'Twaun Moore,m,mooreet01,http://www.basketball-reference.com/players/m/mooreet01.html
293,Marcus Morris,m,morrima01,http://www.basketball-reference.com/players/m/morrima03.html
294,Markieff Morris,m,morrima01,http://www.basketball-reference.com/players/m/morrima02.html
295,Anthony Morrow,m,morroan01,http://www.basketball-reference.com/players/m/morroan01.html
296,Donatas Motiejunas,m,motiedo01,http://www.basketball-reference.com/players/m/motiedo01.html
297,Timofey Mozgov,m,mozgoti01,http://www.basketball-reference.com/players/m/mozgoti01.html
298,Emmanuel Mudiay,m,mudiaem01,http://www.basketball-reference.com/players/m/mudiaem01.html
299,Shabazz Muhammad,m,muhamsh01,http://www.basketball-reference.com/players/m/muhamsh01.html
300,Dejounte Murray,m,murrade01,http://www.basketball-reference.com/players/m/murrade01.html
301,Jamal Murray,m,murraja01,http://www.basketball-reference.com/players/m/murraja01.html
302,Mike Muscala,m,muscami01,http://www.basketball-reference.com/players/m/muscami01.html
303,Larry Nance Jr.,n,nancela01,http://www.basketball-reference.com/players/n/nancela02.html
304,Shabazz Napier,n,napiesh01,http://www.basketball-reference.com/players/n/napiesh01.html
305,Maurice Ndour,n,ndourma01,http://www.basketball-reference.com/players/n/ndourma01.html
306,Gary Neal,n,nealga01,http://www.basketball-reference.com/players/n/nealga01.html
307,Jameer Nelson,n,nelsoja01,http://www.basketball-reference.com/players/n/nelsoja01.html
308,Raul Neto,n,netora01,http://www.basketball-reference.com/players/n/netora01.html
309,Georges Niang,n,niangge01,http://www.basketball-reference.com/players/n/niangge01.html
310,Andrew Nicholson,n,nichoan01,http://www.basketball-reference.com/players/n/nichoan01.html
311,Joakim Noah,n,noahjo01,http://www.basketball-reference.com/players/n/noahjo01.html
312,Nerlens Noel,n,noelne01,http://www.basketball-reference.com/players/n/noelne01.html
313,Lucas Nogueira,n,noguelu01,http://www.basketball-reference.com/players/n/noguelu01.html
314,Steve Novak,n,novakst01,http://www.basketball-reference.com/players/n/novakst01.html
315,Dirk Nowitzki,n,nowitdi01,http://www.basketball-reference.com/players/n/nowitdi01.html
316,Jusuf Nurkic,n,nurkiju01,http://www.basketball-reference.com/players/n/nurkiju01.html
317,Kyle O'Quinn,o,oquinky01,http://www.basketball-reference.com/players/o/oquinky01.html
318,Daniel Ochefu,o,ochefda01,http://www.basketball-reference.com/players/o/ochefda01.html
319,Jahlil Okafor,o,okafoja01,http://www.basketball-reference.com/players/o/okafoja01.html
320,Victor Oladipo,o,oladivi01,http://www.basketball-reference.com/players/o/oladivi01.html
321,Kelly Olynyk,o,olynyke01,http://www.basketball-reference.com/players/o/olynyke01.html
322,Arinze Onuaku,o,onuakar01,http://www.basketball-reference.com/players/o/onuakar01.html
323,Chinanu Onuaku,o,onuakch01,http://www.basketball-reference.com/players/o/onuakch01.html
324,Kelly Oubre,o,oubreke01,http://www.basketball-reference.com/players/o/oubreke01.html
325,Zaza Pachulia,p,pachuza01,http://www.basketball-reference.com/players/p/pachuza01.html
326,Georgios Papagiannis,p,papagge01,http://www.basketball-reference.com/players/p/papagge01.html
327,Jabari Parker,p,parkeja01,http://www.basketball-reference.com/players/p/parkeja01.html
328,Tony Parker,p,parketo01,http://www.basketball-reference.com/players/p/parketo01.html
329,Chandler Parsons,p,parsoch01,http://www.basketball-reference.com/players/p/parsoch01.html
330,Patrick Patterson,p,pattepa01,http://www.basketball-reference.com/players/p/pattepa01.html
331,Chris Paul,p,paulch01,http://www.basketball-reference.com/players/p/paulch01.html
332,Adreian Payne,p,paynead01,http://www.basketball-reference.com/players/p/paynead01.html
333,Cameron Payne,p,payneca01,http://www.basketball-reference.com/players/p/payneca01.html
334,Elfrid Payton,p,paytoel01,http://www.basketball-reference.com/players/p/paytoel01.html
335,Paul Pierce,p,piercpa01,http://www.basketball-reference.com/players/p/piercpa01.html
336,Marshall Plumlee,p,plumlma01,http://www.basketball-reference.com/players/p/plumlma02.html
337,Mason Plumlee,p,plumlma01,http://www.basketball-reference.com/players/p/plumlma01.html
338,Miles Plumlee,p,plumlmi01,http://www.basketball-reference.com/players/p/plumlmi01.html
339,Jakob Poeltl,p,poeltja01,http://www.basketball-reference.com/players/p/poeltja01.html
340,Otto Porter,p,porteot01,http://www.basketball-reference.com/players/p/porteot01.html
341,Bobby Portis,p,portibo01,http://www.basketball-reference.com/players/p/portibo01.html
342,Kristaps Porzingis,p,porzikr01,http://www.basketball-reference.com/players/p/porzikr01.html
343,Dwight Powell,p,poweldw01,http://www.basketball-reference.com/players/p/poweldw01.html
344,Norman Powell,p,powelno01,http://www.basketball-reference.com/players/p/powelno01.html
345,Tim Quarterman,q,quartti01,http://www.basketball-reference.com/players/q/quartti01.html
346,Chasson Randle,r,randlch01,http://www.basketball-reference.com/players/r/randlch01.html
347,Julius Randle,r,randlju01,http://www.basketball-reference.com/players/r/randlju01.html
348,Zach Randolph,r,randoza01,http://www.basketball-reference.com/players/r/randoza01.html
349,J.J. Redick,r,redicjj01,http://www.basketball-reference.com/players/r/redicjj01.html
350,Willie Reed,r,reedwi01,http://www.basketball-reference.com/players/r/reedwi02.html
351,Josh Richardson,r,richajo01,http://www.basketball-reference.com/players/r/richajo01.html
352,Malachi Richardson,r,richama01,http://www.basketball-reference.com/players/r/richama01.html
353,Austin Rivers,r,riverau01,http://www.basketball-reference.com/players/r/riverau01.html
354,Andre Roberson,r,roberan01,http://www.basketball-reference.com/players/r/roberan03.html
355,Brian Roberts,r,roberbr01,http://www.basketball-reference.com/players/r/roberbr01.html
356,Glenn Robinson,r,robingl01,http://www.basketball-reference.com/players/r/robingl02.html
357,Thomas Robinson,r,robinth01,http://www.basketball-reference.com/players/r/robinth01.html
358,Sergio Rodriguez,r,rodrise01,http://www.basketball-reference.com/players/r/rodrise01.html
359,Rajon Rondo,r,rondora01,http://www.basketball-reference.com/players/r/rondora01.html
360,Derrick Rose,r,rosede01,http://www.basketball-reference.com/players/r/rosede01.html
361,Terrence Ross,r,rosste01,http://www.basketball-reference.com/players/r/rosste01.html
362,Terry Rozier,r,roziete01,http://www.basketball-reference.com/players/r/roziete01.html
363,Ricky Rubio,r,rubiori01,http://www.basketball-reference.com/players/r/rubiori01.html
364,Damjan Rudez,r,rudezda01,http://www.basketball-reference.com/players/r/rudezda01.html
365,Brandon Rush,r,rushbr01,http://www.basketball-reference.com/players/r/rushbr01.html
366,D'Angelo Russell,r,russeda01,http://www.basketball-reference.com/players/r/russeda01.html
367,Domantas Sabonis,s,sabondo01,http://www.basketball-reference.com/players/s/sabondo01.html
368,Dario Saric,s,saricda01,http://www.basketball-reference.com/players/s/saricda01.html
369,Tomas Satoransky,s,satorto01,http://www.basketball-reference.com/players/s/satorto01.html
370,Dennis Schroder,s,schrode01,http://www.basketball-reference.com/players/s/schrode01.html
371,Luis Scola,s,scolalu01,http://www.basketball-reference.com/players/s/scolalu01.html
372,Mike Scott,s,scottmi01,http://www.basketball-reference.com/players/s/scottmi01.html
373,Thabo Sefolosha,s,sefolth01,http://www.basketball-reference.com/players/s/sefolth01.html
374,Kevin Seraphin,s,serapke01,http://www.basketball-reference.com/players/s/serapke01.html
375,Ramon Sessions,s,sessira01,http://www.basketball-reference.com/players/s/sessira01.html
376,Iman Shumpert,s,shumpim01,http://www.basketball-reference.com/players/s/shumpim01.html
377,Pascal Siakam,s,siakapa01,http://www.basketball-reference.com/players/s/siakapa01.html
378,Jonathon Simmons,s,simmojo01,http://www.basketball-reference.com/players/s/simmojo02.html
379,Kyle Singler,s,singlky01,http://www.basketball-reference.com/players/s/singlky01.html
380,Marcus Smart,s,smartma01,http://www.basketball-reference.com/players/s/smartma01.html
381,Ish Smith,s,smithis01,http://www.basketball-reference.com/players/s/smithis01.html
382,J.R. Smith,s,smithjr01,http://www.basketball-reference.com/players/s/smithjr01.html
383,Jason Smith,s,smithja01,http://www.basketball-reference.com/players/s/smithja02.html
384,Tony Snell,s,snellto01,http://www.basketball-reference.com/players/s/snellto01.html
385,Marreese Speights,s,speigma01,http://www.basketball-reference.com/players/s/speigma01.html
386,Nik Stauskas,s,stausni01,http://www.basketball-reference.com/players/s/stausni01.html
387,Lance Stephenson,s,stephla01,http://www.basketball-reference.com/players/s/stephla01.html
388,Jarnell Stokes,s,stokeja01,http://www.basketball-reference.com/players/s/stokeja01.html
389,Diamond Stone,s,stonedi01,http://www.basketball-reference.com/players/s/stonedi01.html
390,Rodney Stuckey,s,stuckro01,http://www.basketball-reference.com/players/s/stuckro01.html
391,Jared Sullinger,s,sullija01,http://www.basketball-reference.com/players/s/sullija01.html
392,Walter Tavares,t,tavarwa01,http://www.basketball-reference.com/players/t/tavarwa01.html
393,Jeff Teague,t,teaguje01,http://www.basketball-reference.com/players/t/teaguje01.html
394,Mirza Teletovic,t,teletmi01,http://www.basketball-reference.com/players/t/teletmi01.html
395,Garrett Temple,t,templga01,http://www.basketball-reference.com/players/t/templga01.html
396,Jason Terry,t,terryja01,http://www.basketball-reference.com/players/t/terryja01.html
397,Isaiah Thomas,t,thomais01,http://www.basketball-reference.com/players/t/thomais02.html
398,Lance Thomas,t,thomala01,http://www.basketball-reference.com/players/t/thomala01.html
399,Hollis Thompson,t,thompho01,http://www.basketball-reference.com/players/t/thompho01.html
400,Klay Thompson,t,thompkl01,http://www.basketball-reference.com/players/t/thompkl01.html
401,Tristan Thompson,t,thomptr01,http://www.basketball-reference.com/players/t/thomptr01.html
402,Marcus Thornton,t,thornma01,http://www.basketball-reference.com/players/t/thornma01.html
403,Anthony Tolliver,t,tollian01,http://www.basketball-reference.com/players/t/tollian01.html
404,Karl-Anthony Towns,t,townska01,http://www.basketball-reference.com/players/t/townska01.html
405,P.J. Tucker,t,tuckepj01,http://www.basketball-reference.com/players/t/tuckepj01.html
406,Evan Turner,t,turneev01,http://www.basketball-reference.com/players/t/turneev01.html
407,Myles Turner,t,turnemy01,http://www.basketball-reference.com/players/t/turnemy01.html
408,Beno Udrih,u,udrihbe01,http://www.basketball-reference.com/players/u/udrihbe01.html
409,Tyler Ulis,u,ulisty01,http://www.basketball-reference.com/players/u/ulisty01.html
410,Jonas Valanciunas,v,valanjo01,http://www.basketball-reference.com/players/v/valanjo01.html
411,Denzel Valentine,v,valende01,http://www.basketball-reference.com/players/v/valende01.html
412,Fred VanVleet,v,vanvlfr01,http://www.basketball-reference.com/players/v/vanvlfr01.html
413,Anderson Varejao,v,varejan01,http://www.basketball-reference.com/players/v/varejan01.html
414,Greivis Vasquez,v,vasqugr01,http://www.basketball-reference.com/players/v/vasqugr01.html
415,Rashad Vaughn,v,vaughra01,http://www.basketball-reference.com/players/v/vaughra01.html
416,Noah Vonleh,v,vonleno01,http://www.basketball-reference.com/players/v/vonleno01.html
417,Nikola Vucevic,v,vucevni01,http://www.basketball-reference.com/players/v/vucevni01.html
418,Sasha Vujacic,v,vujacsa01,http://www.basketball-reference.com/players/v/vujacsa01.html
419,Dwyane Wade,w,wadedw01,http://www.basketball-reference.com/players/w/wadedw01.html
420,Dion Waiters,w,waitedi01,http://www.basketball-reference.com/players/w/waitedi01.html
421,Kemba Walker,w,walkeke01,http://www.basketball-reference.com/players/w/walkeke02.html
422,John Wall,w,walljo01,http://www.basketball-reference.com/players/w/walljo01.html
423,Taurean Waller-Prince,w,walleta01,http://www.basketball-reference.com/players/p/princta02.html
424,T.J. Warren,w,warretj01,http://www.basketball-reference.com/players/w/warretj01.html
425,C.J. Watson,w,watsocj01,http://www.basketball-reference.com/players/w/watsocj01.html
426,David West,w,westda01,http://www.basketball-reference.com/players/w/westda01.html
427,Russell Westbrook,w,westbru01,http://www.basketball-reference.com/players/w/westbru01.html
428,Okaro White,w,whiteok01,http://www.basketball-reference.com/players/w/whiteok01.html
429,Isaiah Whitehead,w,whiteis01,http://www.basketball-reference.com/players/w/whiteis01.html
430,Hassan Whiteside,w,whiteha01,http://www.basketball-reference.com/players/w/whiteha01.html
431,Andrew Wiggins,w,wiggian01,http://www.basketball-reference.com/players/w/wiggian01.html
432,C.J. Wilcox,w,wilcocj01,http://www.basketball-reference.com/players/w/wilcocj01.html
433,Alan Williams,w,willial01,http://www.basketball-reference.com/players/w/willial03.html
434,Deron Williams,w,willide01,http://www.basketball-reference.com/players/w/willide01.html
435,Derrick Williams,w,willide01,http://www.basketball-reference.com/players/w/willide02.html
436,Lou Williams,w,willilo01,http://www.basketball-reference.com/players/w/willilo02.html
437,Marvin Williams,w,willima01,http://www.basketball-reference.com/players/w/willima02.html
438,Reggie Williams,w,willire01,http://www.basketball-reference.com/players/w/willire02.html
439,Troy Williams,w,willitr01,http://www.basketball-reference.com/players/w/willitr02.html
440,Kyle Wiltjer,w,wiltjky01,http://www.basketball-reference.com/players/w/wiltjky01.html
441,Justise Winslow,w,winslju01,http://www.basketball-reference.com/players/w/winslju01.html
442,Jeff Withey,w,witheje01,http://www.basketball-reference.com/players/w/witheje01.html
443,Christian Wood,w,woodch01,http://www.basketball-reference.com/players/w/woodch01.html
444,Metta World Peace,w,worldme01,http://www.basketball-reference.com/players/a/artesro01.html
445,James Young,y,youngja01,http://www.basketball-reference.com/players/y/youngja01.html
446,Joe Young,y,youngjo01,http://www.basketball-reference.com/players/y/youngjo01.html
447,Nick Young,y,youngni01,http://www.basketball-reference.com/players/y/youngni01.html
448,Thaddeus Young,y,youngth01,http://www.basketball-reference.com/players/y/youngth01.html
449,Cody Zeller,z,zelleco01,http://www.basketball-reference.com/players/z/zelleco01.html
450,Tyler Zeller,z,zellety01,http://www.basketball-reference.com/players/z/zellety01.html
451,Stephen Zimmerman,z,zimmest01,http://www.basketball-reference.com/players/z/zimmest01.html
452,Paul Zipser,z,zipsepa01,http://www.basketball-reference.com/players/z/zipsepa01.html
453,Ivica Zubac,z,zubaciv01,http://www.basketball-reference.com/players/z/zubaciv01.html